<?xml version="1.0" encoding="UTF-8"?>
<project-private xmlns="http://www.netbeans.org/ns/project-private/1">
    <editor-bookmarks xmlns="http://www.netbeans.org/ns/editor-bookmarks/2" lastBookmarkId="0"/>
    <open-files xmlns="http://www.netbeans.org/ns/projectui-open-files/2">
        <group>
            <file>file:/C:/Users/Scoobydo/Documents/NetBeansProjects/QuanLyChuyenDiChoi1/src/model/ChuyenDiDAO.java</file>
            <file>file:/C:/Users/Scoobydo/Documents/NetBeansProjects/QuanLyChuyenDiChoi1/src/quanlychuyendichoi/QuanLyChuyenDiChoi.java</file>
            <file>file:/C:/Users/Scoobydo/Documents/NetBeansProjects/QuanLyChuyenDiChoi1/src/Controller/ChuyenDiController.java</file>
            <file>file:/C:/Users/Scoobydo/Documents/NetBeansProjects/QuanLyChuyenDiChoi1/src/model/DBConnect.java</file>
        </group>
    </open-files>
</project-private>
